lead_id,date_key,customer_id,channel_name,event_timestamp,lead_status
LEAD00001,20251221,CUST0001,Paid Search,2025-12-21 11:13:00,created
LEAD00002,20260112,CUST0001,Email,2026-01-12 16:16:00,created
LEAD00003,20260121,CUST0001,Organic,2026-01-21 00:03:00,created
LEAD00003,20260121,CUST0001,Organic,2026-01-21 10:03:00,qualified
LEAD00003,20260125,CUST0001,Organic,2026-01-25 02:03:00,opportunity
LEAD00004,20260127,CUST0001,Paid Search,2026-01-27 15:59:00,created
LEAD00004,20260129,CUST0001,Paid Search,2026-01-29 02:59:00,qualified
LEAD00004,20260131,CUST0001,Paid Search,2026-01-31 06:59:00,opportunity
LEAD00005,20260427,CUST0001,Social,2026-04-27 08:23:00,created
LEAD00006,20250204,CUST0002,Email,2025-02-04 09:44:00,created
LEAD00006,20250207,CUST0002,Email,2025-02-07 09:44:00,qualified
LEAD00006,20250210,CUST0002,Email,2025-02-10 06:44:00,opportunity
LEAD00007,20250324,CUST0002,Email,2025-03-24 07:44:00,created
LEAD00008,20250912,CUST0002,Email,2025-09-12 07:11:00,created
LEAD00009,20250930,CUST0002,Paid Search,2025-09-30 23:39:00,created
LEAD00009,20251001,CUST0002,Paid Search,2025-10-01 09:39:00,qualified
LEAD00009,20251004,CUST0002,Paid Search,2025-10-04 20:39:00,opportunity
LEAD00010,20251029,CUST0002,Email,2025-10-29 00:54:00,created
LEAD00011,20251101,CUST0002,Referral,2025-11-01 02:08:00,created
LEAD00011,20251102,CUST0002,Referral,2025-11-02 07:08:00,qualified
LEAD00011,20251103,CUST0002,Referral,2025-11-03 14:08:00,opportunity
LEAD00012,20251115,CUST0002,Paid Search,2025-11-15 04:04:00,created
LEAD00013,20260101,CUST0002,Paid Search,2026-01-01 18:48:00,created
LEAD00013,20260104,CUST0002,Paid Search,2026-01-04 02:48:00,qualified
LEAD00013,20260106,CUST0002,Paid Search,2026-01-06 18:48:00,opportunity
LEAD00014,20260108,CUST0002,Organic,2026-01-08 00:33:00,created
LEAD00015,20260119,CUST0002,Email,2026-01-19 04:53:00,created
LEAD00015,20260121,CUST0002,Email,2026-01-21 09:53:00,qualified
LEAD00015,20260124,CUST0002,Email,2026-01-24 06:53:00,opportunity
LEAD00016,20260414,CUST0002,Email,2026-04-14 23:38:00,created
LEAD00017,20260601,CUST0002,Social,2026-06-01 12:50:00,created
LEAD00018,20260610,CUST0002,Email,2026-06-10 09:07:00,created
LEAD00019,20240907,CUST0003,Paid Search,2024-09-07 09:56:00,created
LEAD00020,20241206,CUST0003,Paid Search,2024-12-06 09:19:00,created
LEAD00020,20241209,CUST0003,Paid Search,2024-12-09 05:19:00,qualified
LEAD00020,20241210,CUST0003,Paid Search,2024-12-10 19:19:00,opportunity
LEAD00021,20241210,CUST0003,Organic,2024-12-10 19:53:00,created
LEAD00021,20241212,CUST0003,Organic,2024-12-12 06:53:00,qualified
LEAD00021,20241215,CUST0003,Organic,2024-12-15 19:53:00,opportunity
LEAD00022,20250102,CUST0003,Email,2025-01-02 05:18:00,created
LEAD00022,20250103,CUST0003,Email,2025-01-03 16:18:00,qualified
LEAD00022,20250107,CUST0003,Email,2025-01-07 15:18:00,opportunity
LEAD00023,20250205,CUST0003,Email,2025-02-05 09:26:00,created
LEAD00024,20250213,CUST0003,Organic,2025-02-13 16:09:00,created
LEAD00024,20250213,CUST0003,Organic,2025-02-13 20:09:00,qualified
LEAD00024,20250216,CUST0003,Organic,2025-02-16 06:09:00,opportunity
LEAD00025,20250402,CUST0003,Organic,2025-04-02 10:06:00,created
LEAD00026,20250502,CUST0003,Email,2025-05-02 09:36:00,created
LEAD00027,20250614,CUST0003,Referral,2025-06-14 10:36:00,created
LEAD00028,20250622,CUST0003,Paid Search,2025-06-22 02:29:00,created
LEAD00029,20250705,CUST0003,Social,2025-07-05 22:41:00,created
LEAD00030,20250721,CUST0003,Organic,2025-07-21 22:15:00,created
LEAD00030,20250722,CUST0003,Organic,2025-07-22 06:15:00,qualified
LEAD00030,20250723,CUST0003,Organic,2025-07-23 15:15:00,opportunity
LEAD00031,20250805,CUST0003,Email,2025-08-05 22:50:00,created
LEAD00031,20250807,CUST0003,Email,2025-08-07 14:50:00,qualified
LEAD00031,20250809,CUST0003,Email,2025-08-09 16:50:00,opportunity
LEAD00032,20251017,CUST0003,Referral,2025-10-17 03:51:00,created
LEAD00033,20251113,CUST0003,Social,2025-11-13 05:13:00,created
LEAD00034,20251201,CUST0003,Email,2025-12-01 22:31:00,created
LEAD00034,20251204,CUST0003,Email,2025-12-04 00:31:00,qualified
LEAD00034,20251204,CUST0003,Email,2025-12-04 12:31:00,opportunity
LEAD00035,20251216,CUST0003,Email,2025-12-16 16:09:00,created
LEAD00035,20251219,CUST0003,Email,2025-12-19 07:09:00,qualified
LEAD00035,20251219,CUST0003,Email,2025-12-19 18:09:00,opportunity
LEAD00036,20260111,CUST0003,Referral,2026-01-11 16:43:00,created
LEAD00036,20260112,CUST0003,Referral,2026-01-12 13:43:00,qualified
LEAD00036,20260116,CUST0003,Referral,2026-01-16 10:43:00,opportunity
LEAD00037,20260126,CUST0003,Email,2026-01-26 10:28:00,created
LEAD00038,20260129,CUST0003,Paid Search,2026-01-29 19:58:00,created
LEAD00038,20260131,CUST0003,Paid Search,2026-01-31 12:58:00,qualified
LEAD00038,20260202,CUST0003,Paid Search,2026-02-02 09:58:00,opportunity
LEAD00039,20260506,CUST0003,Email,2026-05-06 13:38:00,created
LEAD00039,20260508,CUST0003,Email,2026-05-08 01:38:00,qualified
LEAD00039,20260510,CUST0003,Email,2026-05-10 20:38:00,opportunity
LEAD00040,20260618,CUST0003,Email,2026-06-18 02:23:00,created
LEAD00040,20260619,CUST0003,Email,2026-06-19 09:23:00,qualified
LEAD00040,20260621,CUST0003,Email,2026-06-21 17:23:00,opportunity
LEAD00041,20250509,CUST0004,Paid Search,2025-05-09 16:47:00,created
LEAD00042,20250519,CUST0004,Email,2025-05-19 05:54:00,created
LEAD00043,20250911,CUST0004,Organic,2025-09-11 14:57:00,created
LEAD00044,20251117,CUST0004,Organic,2025-11-17 22:40:00,created
LEAD00044,20251118,CUST0004,Organic,2025-11-18 09:40:00,qualified
LEAD00044,20251119,CUST0004,Organic,2025-11-19 17:40:00,opportunity
LEAD00045,20260506,CUST0004,Paid Search,2026-05-06 00:45:00,created
LEAD00046,20251228,CUST0005,Paid Search,2025-12-28 21:14:00,created
LEAD00046,20251230,CUST0005,Paid Search,2025-12-30 14:14:00,qualified
LEAD00046,20251231,CUST0005,Paid Search,2025-12-31 13:14:00,opportunity
LEAD00047,20260122,CUST0005,Referral,2026-01-22 18:32:00,created
LEAD00048,20260405,CUST0005,Organic,2026-04-05 05:21:00,created
LEAD00049,20260430,CUST0005,Paid Search,2026-04-30 03:52:00,created
LEAD00049,20260430,CUST0005,Paid Search,2026-04-30 20:52:00,qualified
LEAD00049,20260503,CUST0005,Paid Search,2026-05-03 00:52:00,opportunity
LEAD00050,20250502,CUST0006,Referral,2025-05-02 01:05:00,created
LEAD00051,20250510,CUST0006,Organic,2025-05-10 07:41:00,created
LEAD00052,20250715,CUST0006,Paid Search,2025-07-15 14:45:00,created
LEAD00052,20250717,CUST0006,Paid Search,2025-07-17 10:45:00,qualified
LEAD00052,20250720,CUST0006,Paid Search,2025-07-20 01:45:00,opportunity
LEAD00053,20250730,CUST0006,Email,2025-07-30 13:41:00,created
LEAD00054,20250805,CUST0006,Paid Search,2025-08-05 23:48:00,created
LEAD00054,20250806,CUST0006,Paid Search,2025-08-06 19:48:00,qualified
LEAD00054,20250810,CUST0006,Paid Search,2025-08-10 19:48:00,opportunity
LEAD00055,20250903,CUST0006,Social,2025-09-03 15:10:00,created
LEAD00056,20251121,CUST0006,Organic,2025-11-21 21:26:00,created
LEAD00057,20251230,CUST0007,Social,2025-12-30 00:35:00,created
LEAD00058,20260122,CUST0007,Email,2026-01-22 21:16:00,created
LEAD00059,20260223,CUST0007,Paid Search,2026-02-23 16:11:00,created
LEAD00060,20260414,CUST0007,Paid Search,2026-04-14 04:44:00,created
LEAD00060,20260416,CUST0007,Paid Search,2026-04-16 21:44:00,qualified
LEAD00060,20260417,CUST0007,Paid Search,2026-04-17 10:44:00,opportunity
LEAD00061,20260528,CUST0007,Organic,2026-05-28 11:53:00,created
LEAD00061,20260531,CUST0007,Organic,2026-05-31 03:53:00,qualified
LEAD00061,20260601,CUST0007,Organic,2026-06-01 05:53:00,opportunity
LEAD00062,20260416,CUST0008,Organic,2026-04-16 02:34:00,created
LEAD00063,20250721,CUST0010,Organic,2025-07-21 10:56:00,created
LEAD00064,20251029,CUST0010,Paid Search,2025-10-29 01:16:00,created
LEAD00065,20251210,CUST0010,Paid Search,2025-12-10 16:28:00,created
LEAD00066,20251225,CUST0010,Referral,2025-12-25 07:20:00,created
LEAD00067,20260113,CUST0010,Paid Search,2026-01-13 12:06:00,created
LEAD00067,20260115,CUST0010,Paid Search,2026-01-15 23:06:00,qualified
LEAD00067,20260119,CUST0010,Paid Search,2026-01-19 07:06:00,opportunity
LEAD00068,20260519,CUST0010,Paid Search,2026-05-19 05:45:00,created
LEAD00069,20251018,CUST0011,Paid Search,2025-10-18 16:00:00,created
LEAD00070,20251127,CUST0011,Paid Search,2025-11-27 23:49:00,created
LEAD00070,20251128,CUST0011,Paid Search,2025-11-28 01:49:00,qualified
LEAD00070,20251128,CUST0011,Paid Search,2025-11-28 07:49:00,opportunity
LEAD00071,20260116,CUST0011,Social,2026-01-16 01:15:00,created
LEAD00071,20260117,CUST0011,Social,2026-01-17 18:15:00,qualified
LEAD00071,20260118,CUST0011,Social,2026-01-18 08:15:00,opportunity
LEAD00072,20260214,CUST0011,Paid Search,2026-02-14 03:49:00,created
LEAD00072,20260214,CUST0011,Paid Search,2026-02-14 05:49:00,qualified
LEAD00072,20260215,CUST0011,Paid Search,2026-02-15 05:49:00,opportunity
LEAD00073,20260502,CUST0011,Paid Search,2026-05-02 19:29:00,created
LEAD00073,20260504,CUST0011,Paid Search,2026-05-04 10:29:00,qualified
LEAD00073,20260507,CUST0011,Paid Search,2026-05-07 17:29:00,opportunity
LEAD00074,20260526,CUST0011,Organic,2026-05-26 11:55:00,created
LEAD00075,20260611,CUST0011,Email,2026-06-11 09:39:00,created
LEAD00076,20250807,CUST0012,Email,2025-08-07 15:28:00,created
LEAD00077,20251125,CUST0012,Organic,2025-11-25 15:02:00,created
LEAD00078,20260501,CUST0012,Paid Search,2026-05-01 11:22:00,created
LEAD00078,20260502,CUST0012,Paid Search,2026-05-02 01:22:00,qualified
LEAD00078,20260504,CUST0012,Paid Search,2026-05-04 09:22:00,opportunity
LEAD00079,20260627,CUST0012,Referral,2026-06-27 12:36:00,created
LEAD00080,20241230,CUST0013,Paid Search,2024-12-30 17:09:00,created
LEAD00081,20250213,CUST0013,Paid Search,2025-02-13 05:28:00,created
LEAD00081,20250216,CUST0013,Paid Search,2025-02-16 03:28:00,qualified
LEAD00081,20250218,CUST0013,Paid Search,2025-02-18 04:28:00,opportunity
LEAD00082,20250724,CUST0013,Email,2025-07-24 06:43:00,created
LEAD00083,20250729,CUST0013,Social,2025-07-29 01:20:00,created
LEAD00084,20250810,CUST0013,Paid Search,2025-08-10 13:49:00,created
LEAD00084,20250812,CUST0013,Paid Search,2025-08-12 05:49:00,qualified
LEAD00084,20250814,CUST0013,Paid Search,2025-08-14 21:49:00,opportunity
LEAD00085,20251109,CUST0013,Social,2025-11-09 12:56:00,created
LEAD00086,20251127,CUST0013,Paid Search,2025-11-27 22:42:00,created
LEAD00086,20251130,CUST0013,Paid Search,2025-11-30 14:42:00,qualified
LEAD00086,20251201,CUST0013,Paid Search,2025-12-01 04:42:00,opportunity
LEAD00087,20260103,CUST0013,Organic,2026-01-03 06:52:00,created
LEAD00088,20260111,CUST0013,Email,2026-01-11 06:23:00,created
LEAD00088,20260112,CUST0013,Email,2026-01-12 13:23:00,qualified
LEAD00088,20260113,CUST0013,Email,2026-01-13 08:23:00,opportunity
LEAD00089,20260117,CUST0013,Email,2026-01-17 15:27:00,created
LEAD00090,20260415,CUST0013,Paid Search,2026-04-15 02:19:00,created
LEAD00090,20260415,CUST0013,Paid Search,2026-04-15 22:19:00,qualified
LEAD00090,20260416,CUST0013,Paid Search,2026-04-16 18:19:00,opportunity
LEAD00091,20260602,CUST0013,Organic,2026-06-02 02:16:00,created
LEAD00092,20260616,CUST0013,Organic,2026-06-16 13:04:00,created
LEAD00092,20260616,CUST0013,Organic,2026-06-16 17:04:00,qualified
LEAD00092,20260618,CUST0013,Organic,2026-06-18 05:04:00,opportunity
LEAD00093,20260625,CUST0013,Organic,2026-06-25 23:41:00,created
LEAD00093,20260627,CUST0013,Organic,2026-06-27 09:41:00,qualified
LEAD00093,20260701,CUST0013,Organic,2026-07-01 02:41:00,opportunity
LEAD00094,20250529,CUST0015,Organic,2025-05-29 11:06:00,created
LEAD00094,20250530,CUST0015,Organic,2025-05-30 13:06:00,qualified
LEAD00094,20250602,CUST0015,Organic,2025-06-02 16:06:00,opportunity
LEAD00095,20250601,CUST0015,Paid Search,2025-06-01 07:32:00,created
LEAD00096,20250706,CUST0015,Paid Search,2025-07-06 13:01:00,created
LEAD00096,20250708,CUST0015,Paid Search,2025-07-08 13:01:00,qualified
LEAD00096,20250708,CUST0015,Paid Search,2025-07-08 20:01:00,opportunity
LEAD00097,20251004,CUST0015,Paid Search,2025-10-04 04:34:00,created
LEAD00097,20251005,CUST0015,Paid Search,2025-10-05 20:34:00,qualified
LEAD00097,20251009,CUST0015,Paid Search,2025-10-09 13:34:00,opportunity
LEAD00098,20251028,CUST0015,Referral,2025-10-28 01:49:00,created
LEAD00099,20251122,CUST0015,Organic,2025-11-22 23:24:00,created
LEAD00099,20251125,CUST0015,Organic,2025-11-25 13:24:00,qualified
LEAD00099,20251126,CUST0015,Organic,2025-11-26 11:24:00,opportunity
LEAD00100,20251223,CUST0015,Paid Search,2025-12-23 07:26:00,created
LEAD00101,20251229,CUST0015,Organic,2025-12-29 08:45:00,created
LEAD00102,20251231,CUST0015,Paid Search,2025-12-31 10:11:00,created
LEAD00102,20251231,CUST0015,Paid Search,2025-12-31 21:11:00,qualified
LEAD00102,20260104,CUST0015,Paid Search,2026-01-04 12:11:00,opportunity
LEAD00103,20260106,CUST0015,Email,2026-01-06 05:59:00,created
LEAD00103,20260106,CUST0015,Email,2026-01-06 09:59:00,qualified
LEAD00103,20260108,CUST0015,Email,2026-01-08 16:59:00,opportunity
LEAD00104,20260108,CUST0015,Referral,2026-01-08 21:46:00,created
LEAD00104,20260110,CUST0015,Referral,2026-01-10 16:46:00,qualified
LEAD00104,20260112,CUST0015,Referral,2026-01-12 11:46:00,opportunity
LEAD00105,20260114,CUST0015,Paid Search,2026-01-14 12:20:00,created
LEAD00105,20260116,CUST0015,Paid Search,2026-01-16 15:20:00,qualified
LEAD00105,20260117,CUST0015,Paid Search,2026-01-17 20:20:00,opportunity
LEAD00106,20260123,CUST0015,Email,2026-01-23 12:43:00,created
LEAD00107,20260207,CUST0015,Email,2026-02-07 10:12:00,created
LEAD00107,20260209,CUST0015,Email,2026-02-09 20:12:00,qualified
LEAD00107,20260213,CUST0015,Email,2026-02-13 20:12:00,opportunity
LEAD00108,20260415,CUST0015,Email,2026-04-15 23:47:00,created
LEAD00109,20260510,CUST0015,Paid Search,2026-05-10 19:00:00,created
LEAD00109,20260513,CUST0015,Paid Search,2026-05-13 02:00:00,qualified
LEAD00109,20260516,CUST0015,Paid Search,2026-05-16 15:00:00,opportunity
LEAD00110,20260512,CUST0015,Organic,2026-05-12 01:11:00,created
LEAD00111,20260521,CUST0015,Paid Search,2026-05-21 00:17:00,created
LEAD00111,20260523,CUST0015,Paid Search,2026-05-23 16:17:00,qualified
LEAD00111,20260527,CUST0015,Paid Search,2026-05-27 08:17:00,opportunity
LEAD00112,20260608,CUST0015,Social,2026-06-08 03:46:00,created
LEAD00113,20260501,CUST0016,Email,2026-05-01 07:11:00,created
LEAD00114,20260626,CUST0016,Referral,2026-06-26 04:02:00,created
LEAD00115,20250413,CUST0017,Social,2025-04-13 16:25:00,created
LEAD00116,20250529,CUST0017,Paid Search,2025-05-29 05:49:00,created
LEAD00116,20250529,CUST0017,Paid Search,2025-05-29 08:49:00,qualified
LEAD00116,20250531,CUST0017,Paid Search,2025-05-31 17:49:00,opportunity
LEAD00117,20251130,CUST0017,Referral,2025-11-30 00:54:00,created
LEAD00118,20251211,CUST0017,Paid Search,2025-12-11 08:27:00,created
LEAD00118,20251213,CUST0017,Paid Search,2025-12-13 11:27:00,qualified
LEAD00118,20251217,CUST0017,Paid Search,2025-12-17 04:27:00,opportunity
LEAD00119,20260514,CUST0017,Email,2026-05-14 05:36:00,created
LEAD00119,20260515,CUST0017,Email,2026-05-15 22:36:00,qualified
LEAD00119,20260516,CUST0017,Email,2026-05-16 01:36:00,opportunity
LEAD00120,20250130,CUST0018,Paid Search,2025-01-30 11:10:00,created
LEAD00121,20250226,CUST0018,Email,2025-02-26 01:54:00,created
LEAD00122,20250312,CUST0018,Paid Search,2025-03-12 01:09:00,created
LEAD00123,20250313,CUST0018,Referral,2025-03-13 22:30:00,created
LEAD00124,20250727,CUST0018,Email,2025-07-27 05:29:00,created
LEAD00125,20250829,CUST0018,Paid Search,2025-08-29 01:13:00,created
LEAD00125,20250829,CUST0018,Paid Search,2025-08-29 20:13:00,qualified
LEAD00125,20250831,CUST0018,Paid Search,2025-08-31 02:13:00,opportunity
LEAD00126,20250928,CUST0018,Organic,2025-09-28 15:09:00,created
LEAD00127,20251004,CUST0018,Email,2025-10-04 07:33:00,created
LEAD00128,20251014,CUST0018,Organic,2025-10-14 13:17:00,created
LEAD00128,20251016,CUST0018,Organic,2025-10-16 08:17:00,qualified
LEAD00128,20251019,CUST0018,Organic,2025-10-19 13:17:00,opportunity
LEAD00129,20251031,CUST0018,Email,2025-10-31 11:01:00,created
LEAD00129,20251102,CUST0018,Email,2025-11-02 06:01:00,qualified
LEAD00129,20251106,CUST0018,Email,2025-11-06 00:01:00,opportunity
LEAD00130,20251216,CUST0018,Organic,2025-12-16 09:22:00,created
LEAD00130,20251218,CUST0018,Organic,2025-12-18 18:22:00,qualified
LEAD00130,20251219,CUST0018,Organic,2025-12-19 23:22:00,opportunity
LEAD00131,20251216,CUST0018,Organic,2025-12-16 08:12:00,created
LEAD00132,20260323,CUST0018,Paid Search,2026-03-23 00:52:00,created
LEAD00132,20260325,CUST0018,Paid Search,2026-03-25 09:52:00,qualified
LEAD00132,20260327,CUST0018,Paid Search,2026-03-27 08:52:00,opportunity
LEAD00133,20260511,CUST0018,Referral,2026-05-11 15:53:00,created
LEAD00134,20260527,CUST0018,Paid Search,2026-05-27 17:33:00,created
LEAD00135,20260425,CUST0020,Organic,2026-04-25 01:21:00,created
LEAD00136,20260501,CUST0020,Organic,2026-05-01 19:17:00,created
LEAD00137,20260511,CUST0020,Paid Search,2026-05-11 22:22:00,created
LEAD00137,20260512,CUST0020,Paid Search,2026-05-12 11:22:00,qualified
LEAD00137,20260515,CUST0020,Paid Search,2026-05-15 16:22:00,opportunity
LEAD00138,20260515,CUST0020,Paid Search,2026-05-15 03:18:00,created
LEAD00139,20260206,CUST0021,Paid Search,2026-02-06 00:09:00,created
LEAD00140,20260419,CUST0021,Email,2026-04-19 10:56:00,created
LEAD00140,20260421,CUST0021,Email,2026-04-21 04:56:00,qualified
LEAD00140,20260423,CUST0021,Email,2026-04-23 10:56:00,opportunity
LEAD00141,20260522,CUST0021,Email,2026-05-22 07:14:00,created
LEAD00141,20260524,CUST0021,Email,2026-05-24 09:14:00,qualified
LEAD00141,20260527,CUST0021,Email,2026-05-27 22:14:00,opportunity
LEAD00142,20250710,CUST0022,Paid Search,2025-07-10 20:17:00,created
LEAD00142,20250713,CUST0022,Paid Search,2025-07-13 16:17:00,qualified
LEAD00142,20250716,CUST0022,Paid Search,2025-07-16 21:17:00,opportunity
LEAD00143,20250721,CUST0022,Paid Search,2025-07-21 00:05:00,created
LEAD00144,20250908,CUST0022,Email,2025-09-08 12:41:00,created
LEAD00145,20251004,CUST0022,Organic,2025-10-04 05:53:00,created
LEAD00145,20251005,CUST0022,Organic,2025-10-05 17:53:00,qualified
LEAD00145,20251006,CUST0022,Organic,2025-10-06 05:53:00,opportunity
LEAD00146,20251221,CUST0022,Social,2025-12-21 18:48:00,created
LEAD00147,20260107,CUST0022,Paid Search,2026-01-07 04:19:00,created
LEAD00148,20260129,CUST0022,Organic,2026-01-29 23:14:00,created
LEAD00149,20260407,CUST0022,Email,2026-04-07 11:38:00,created
LEAD00150,20260430,CUST0022,Social,2026-04-30 16:27:00,created
LEAD00151,20241128,CUST0023,Organic,2024-11-28 22:26:00,created
LEAD00152,20250108,CUST0023,Organic,2025-01-08 06:56:00,created
LEAD00153,20250111,CUST0023,Email,2025-01-11 14:27:00,created
LEAD00154,20250308,CUST0023,Paid Search,2025-03-08 12:14:00,created
LEAD00155,20250419,CUST0023,Referral,2025-04-19 15:12:00,created
LEAD00156,20251016,CUST0023,Social,2025-10-16 21:07:00,created
LEAD00157,20251101,CUST0023,Organic,2025-11-01 04:16:00,created
LEAD00157,20251103,CUST0023,Organic,2025-11-03 06:16:00,qualified
LEAD00157,20251105,CUST0023,Organic,2025-11-05 13:16:00,opportunity
LEAD00158,20251105,CUST0023,Organic,2025-11-05 13:56:00,created
LEAD00159,20251106,CUST0023,Referral,2025-11-06 22:36:00,created
LEAD00159,20251109,CUST0023,Referral,2025-11-09 12:36:00,qualified
LEAD00159,20251109,CUST0023,Referral,2025-11-09 18:36:00,opportunity
LEAD00160,20251201,CUST0023,Social,2025-12-01 16:26:00,created
LEAD00161,20260204,CUST0023,Email,2026-02-04 13:34:00,created
LEAD00162,20260227,CUST0023,Organic,2026-02-27 01:44:00,created
LEAD00162,20260228,CUST0023,Organic,2026-02-28 00:44:00,qualified
LEAD00162,20260303,CUST0023,Organic,2026-03-03 11:44:00,opportunity
LEAD00163,20260626,CUST0023,Organic,2026-06-26 10:40:00,created
LEAD00164,20251102,CUST0024,Organic,2025-11-02 17:54:00,created
LEAD00165,20251203,CUST0024,Social,2025-12-03 13:34:00,created
LEAD00165,20251205,CUST0024,Social,2025-12-05 11:34:00,qualified
LEAD00165,20251209,CUST0024,Social,2025-12-09 08:34:00,opportunity
LEAD00166,20251213,CUST0024,Email,2025-12-13 10:04:00,created
LEAD00166,20251214,CUST0024,Email,2025-12-14 20:04:00,qualified
LEAD00166,20251218,CUST0024,Email,2025-12-18 19:04:00,opportunity
LEAD00167,20260114,CUST0024,Organic,2026-01-14 09:43:00,created
LEAD00168,20260215,CUST0024,Organic,2026-02-15 01:15:00,created
LEAD00168,20260217,CUST0024,Organic,2026-02-17 06:15:00,qualified
LEAD00168,20260217,CUST0024,Organic,2026-02-17 13:15:00,opportunity
LEAD00169,20260402,CUST0024,Paid Search,2026-04-02 14:36:00,created
LEAD00169,20260403,CUST0024,Paid Search,2026-04-03 06:36:00,qualified
LEAD00169,20260404,CUST0024,Paid Search,2026-04-04 21:36:00,opportunity
LEAD00170,20260529,CUST0024,Paid Search,2026-05-29 18:21:00,created
LEAD00170,20260531,CUST0024,Paid Search,2026-05-31 03:21:00,qualified
LEAD00170,20260603,CUST0024,Paid Search,2026-06-03 10:21:00,opportunity
LEAD00171,20260614,CUST0024,Paid Search,2026-06-14 02:36:00,created
LEAD00172,20241212,CUST0025,Paid Search,2024-12-12 13:05:00,created
LEAD00172,20241213,CUST0025,Paid Search,2024-12-13 02:05:00,qualified
LEAD00172,20241214,CUST0025,Paid Search,2024-12-14 20:05:00,opportunity
LEAD00173,20250228,CUST0025,Email,2025-02-28 18:24:00,created
LEAD00173,20250302,CUST0025,Email,2025-03-02 20:24:00,qualified
LEAD00173,20250304,CUST0025,Email,2025-03-04 16:24:00,opportunity
LEAD00174,20250309,CUST0025,Paid Search,2025-03-09 15:15:00,created
LEAD00174,20250310,CUST0025,Paid Search,2025-03-10 23:15:00,qualified
LEAD00174,20250311,CUST0025,Paid Search,2025-03-11 12:15:00,opportunity
LEAD00175,20250312,CUST0025,Paid Search,2025-03-12 07:55:00,created
LEAD00176,20250427,CUST0025,Social,2025-04-27 20:18:00,created
LEAD00177,20250620,CUST0025,Organic,2025-06-20 17:21:00,created
LEAD00177,20250623,CUST0025,Organic,2025-06-23 17:21:00,qualified
LEAD00177,20250625,CUST0025,Organic,2025-06-25 06:21:00,opportunity
LEAD00178,20251014,CUST0025,Email,2025-10-14 06:56:00,created
LEAD00179,20251220,CUST0025,Paid Search,2025-12-20 11:55:00,created
LEAD00179,20251222,CUST0025,Paid Search,2025-12-22 06:55:00,qualified
LEAD00179,20251224,CUST0025,Paid Search,2025-12-24 18:55:00,opportunity
LEAD00180,20260108,CUST0025,Paid Search,2026-01-08 16:27:00,created
LEAD00181,20260118,CUST0025,Social,2026-01-18 21:11:00,created
LEAD00181,20260120,CUST0025,Social,2026-01-20 09:11:00,qualified
LEAD00181,20260121,CUST0025,Social,2026-01-21 21:11:00,opportunity
LEAD00182,20260425,CUST0025,Email,2026-04-25 18:11:00,created
LEAD00183,20260625,CUST0025,Referral,2026-06-25 00:49:00,created
LEAD00183,20260627,CUST0025,Referral,2026-06-27 17:49:00,qualified
LEAD00183,20260629,CUST0025,Referral,2026-06-29 00:49:00,opportunity
LEAD00184,20241101,CUST0026,Organic,2024-11-01 00:37:00,created
LEAD00184,20241102,CUST0026,Organic,2024-11-02 09:37:00,qualified
LEAD00184,20241105,CUST0026,Organic,2024-11-05 00:37:00,opportunity
LEAD00185,20241214,CUST0026,Email,2024-12-14 02:29:00,created
LEAD00186,20260604,CUST0026,Email,2026-06-04 18:51:00,created
LEAD00186,20260607,CUST0026,Email,2026-06-07 12:51:00,qualified
LEAD00186,20260608,CUST0026,Email,2026-06-08 15:51:00,opportunity
LEAD00187,20251009,CUST0027,Paid Search,2025-10-09 06:25:00,created
LEAD00187,20251011,CUST0027,Paid Search,2025-10-11 17:25:00,qualified
LEAD00187,20251013,CUST0027,Paid Search,2025-10-13 01:25:00,opportunity
LEAD00188,20251129,CUST0027,Social,2025-11-29 20:04:00,created
LEAD00189,20260306,CUST0027,Paid Search,2026-03-06 14:10:00,created
LEAD00189,20260309,CUST0027,Paid Search,2026-03-09 10:10:00,qualified
LEAD00189,20260310,CUST0027,Paid Search,2026-03-10 22:10:00,opportunity
LEAD00190,20260404,CUST0027,Paid Search,2026-04-04 03:08:00,created
LEAD00191,20260409,CUST0027,Paid Search,2026-04-09 07:28:00,created
LEAD00192,20251020,CUST0028,Paid Search,2025-10-20 17:12:00,created
LEAD00193,20251208,CUST0028,Paid Search,2025-12-08 18:51:00,created
LEAD00194,20260226,CUST0028,Organic,2026-02-26 16:08:00,created
LEAD00195,20260102,CUST0029,Organic,2026-01-02 10:21:00,created
LEAD00196,20260201,CUST0029,Organic,2026-02-01 05:27:00,created
LEAD00197,20260417,CUST0029,Organic,2026-04-17 00:35:00,created
LEAD00197,20260419,CUST0029,Organic,2026-04-19 07:35:00,qualified
LEAD00197,20260419,CUST0029,Organic,2026-04-19 12:35:00,opportunity
LEAD00198,20260619,CUST0029,Paid Search,2026-06-19 22:52:00,created
LEAD00198,20260620,CUST0029,Paid Search,2026-06-20 07:52:00,qualified
LEAD00198,20260623,CUST0029,Paid Search,2026-06-23 15:52:00,opportunity
LEAD00199,20250310,CUST0030,Referral,2025-03-10 23:43:00,created
LEAD00199,20250311,CUST0030,Referral,2025-03-11 15:43:00,qualified
LEAD00199,20250312,CUST0030,Referral,2025-03-12 21:43:00,opportunity
LEAD00200,20250601,CUST0030,Organic,2025-06-01 02:42:00,created
LEAD00200,20250602,CUST0030,Organic,2025-06-02 00:42:00,qualified
LEAD00200,20250602,CUST0030,Organic,2025-06-02 13:42:00,opportunity
LEAD00201,20251119,CUST0030,Referral,2025-11-19 08:25:00,created
LEAD00202,20241103,CUST0031,Organic,2024-11-03 13:04:00,created
LEAD00203,20241222,CUST0031,Paid Search,2024-12-22 07:41:00,created
LEAD00204,20241228,CUST0031,Paid Search,2024-12-28 07:07:00,created
LEAD00205,20250113,CUST0031,Paid Search,2025-01-13 11:49:00,created
LEAD00205,20250114,CUST0031,Paid Search,2025-01-14 00:49:00,qualified
LEAD00205,20250115,CUST0031,Paid Search,2025-01-15 14:49:00,opportunity
LEAD00206,20250126,CUST0031,Paid Search,2025-01-26 01:07:00,created
LEAD00207,20250226,CUST0031,Referral,2025-02-26 18:02:00,created
LEAD00208,20250321,CUST0031,Paid Search,2025-03-21 22:35:00,created
LEAD00208,20250322,CUST0031,Paid Search,2025-03-22 11:35:00,qualified
LEAD00208,20250325,CUST0031,Paid Search,2025-03-25 03:35:00,opportunity
LEAD00209,20250428,CUST0031,Paid Search,2025-04-28 15:44:00,created
LEAD00210,20250508,CUST0031,Organic,2025-05-08 21:07:00,created
LEAD00211,20250518,CUST0031,Paid Search,2025-05-18 01:20:00,created
LEAD00212,20250708,CUST0031,Referral,2025-07-08 21:59:00,created
LEAD00213,20250724,CUST0031,Paid Search,2025-07-24 14:16:00,created
LEAD00213,20250725,CUST0031,Paid Search,2025-07-25 03:16:00,qualified
LEAD00213,20250726,CUST0031,Paid Search,2025-07-26 04:16:00,opportunity
LEAD00214,20250816,CUST0031,Organic,2025-08-16 22:22:00,created
LEAD00215,20250925,CUST0031,Organic,2025-09-25 01:25:00,created
LEAD00216,20251126,CUST0031,Email,2025-11-26 07:20:00,created
LEAD00216,20251127,CUST0031,Email,2025-11-27 08:20:00,qualified
LEAD00216,20251127,CUST0031,Email,2025-11-27 17:20:00,opportunity
LEAD00217,20251208,CUST0031,Paid Search,2025-12-08 06:51:00,created
LEAD00217,20251208,CUST0031,Paid Search,2025-12-08 14:51:00,qualified
LEAD00217,20251210,CUST0031,Paid Search,2025-12-10 05:51:00,opportunity
LEAD00218,20260115,CUST0031,Social,2026-01-15 06:10:00,created
LEAD00219,20260528,CUST0031,Organic,2026-05-28 07:28:00,created
LEAD00220,20250722,CUST0032,Referral,2025-07-22 07:40:00,created
LEAD00221,20251206,CUST0032,Paid Search,2025-12-06 01:57:00,created
LEAD00222,20251206,CUST0032,Social,2025-12-06 16:56:00,created
LEAD00223,20260106,CUST0032,Social,2026-01-06 22:05:00,created
LEAD00224,20260404,CUST0032,Paid Search,2026-04-04 08:53:00,created
LEAD00225,20241207,CUST0033,Email,2024-12-07 01:09:00,created
LEAD00226,20241216,CUST0033,Paid Search,2024-12-16 04:59:00,created
LEAD00227,20241225,CUST0033,Organic,2024-12-25 06:10:00,created
LEAD00228,20250806,CUST0033,Paid Search,2025-08-06 04:09:00,created
LEAD00229,20250903,CUST0033,Paid Search,2025-09-03 11:16:00,created
LEAD00230,20251005,CUST0033,Organic,2025-10-05 09:49:00,created
LEAD00230,20251006,CUST0033,Organic,2025-10-06 23:49:00,qualified
LEAD00230,20251010,CUST0033,Organic,2025-10-10 13:49:00,opportunity
LEAD00231,20251019,CUST0033,Referral,2025-10-19 22:01:00,created
LEAD00232,20251122,CUST0033,Organic,2025-11-22 20:11:00,created
LEAD00232,20251123,CUST0033,Organic,2025-11-23 06:11:00,qualified
LEAD00232,20251125,CUST0033,Organic,2025-11-25 05:11:00,opportunity
LEAD00233,20260306,CUST0033,Email,2026-03-06 01:54:00,created
LEAD00233,20260307,CUST0033,Email,2026-03-07 07:54:00,qualified
LEAD00233,20260310,CUST0033,Email,2026-03-10 09:54:00,opportunity
LEAD00234,20260430,CUST0033,Paid Search,2026-04-30 06:03:00,created
LEAD00235,20260621,CUST0034,Organic,2026-06-21 11:45:00,created
LEAD00236,20260419,CUST0035,Referral,2026-04-19 11:52:00,created
LEAD00237,20260613,CUST0035,Paid Search,2026-06-13 20:19:00,created
LEAD00238,20250720,CUST0036,Email,2025-07-20 00:50:00,created
LEAD00239,20250822,CUST0036,Social,2025-08-22 11:24:00,created
LEAD00240,20250930,CUST0036,Paid Search,2025-09-30 12:28:00,created
LEAD00241,20251216,CUST0036,Organic,2025-12-16 00:51:00,created
LEAD00242,20260111,CUST0036,Organic,2026-01-11 18:44:00,created
LEAD00243,20260527,CUST0036,Paid Search,2026-05-27 16:30:00,created
LEAD00244,20260602,CUST0036,Social,2026-06-02 09:11:00,created
LEAD00245,20260615,CUST0036,Paid Search,2026-06-15 05:13:00,created
LEAD00246,20260620,CUST0037,Organic,2026-06-20 10:06:00,created
LEAD00247,20251015,CUST0038,Email,2025-10-15 05:38:00,created
LEAD00247,20251016,CUST0038,Email,2025-10-16 00:38:00,qualified
LEAD00247,20251017,CUST0038,Email,2025-10-17 20:38:00,opportunity
LEAD00248,20251016,CUST0038,Referral,2025-10-16 16:39:00,created
LEAD00249,20260114,CUST0038,Organic,2026-01-14 16:29:00,created
LEAD00249,20260115,CUST0038,Organic,2026-01-15 05:29:00,qualified
LEAD00249,20260118,CUST0038,Organic,2026-01-18 07:29:00,opportunity
LEAD00250,20260221,CUST0038,Organic,2026-02-21 10:07:00,created
LEAD00250,20260221,CUST0038,Organic,2026-02-21 23:07:00,qualified
LEAD00250,20260224,CUST0038,Organic,2026-02-24 02:07:00,opportunity
LEAD00251,20260412,CUST0038,Email,2026-04-12 20:48:00,created
LEAD00251,20260414,CUST0038,Email,2026-04-14 15:48:00,qualified
LEAD00251,20260416,CUST0038,Email,2026-04-16 17:48:00,opportunity
LEAD00252,20241112,CUST0039,Paid Search,2024-11-12 05:00:00,created
LEAD00252,20241113,CUST0039,Paid Search,2024-11-13 19:00:00,qualified
LEAD00252,20241116,CUST0039,Paid Search,2024-11-16 13:00:00,opportunity
LEAD00253,20241118,CUST0039,Referral,2024-11-18 10:02:00,created
LEAD00254,20241123,CUST0039,Social,2024-11-23 02:45:00,created
LEAD00255,20241127,CUST0039,Paid Search,2024-11-27 17:03:00,created
LEAD00256,20250117,CUST0039,Paid Search,2025-01-17 00:42:00,created
LEAD00256,20250119,CUST0039,Paid Search,2025-01-19 04:42:00,qualified
LEAD00256,20250120,CUST0039,Paid Search,2025-01-20 05:42:00,opportunity
LEAD00257,20250124,CUST0039,Organic,2025-01-24 22:44:00,created
LEAD00258,20250131,CUST0039,Social,2025-01-31 07:12:00,created
LEAD00259,20250527,CUST0039,Email,2025-05-27 17:49:00,created
LEAD00260,20250805,CUST0039,Email,2025-08-05 16:16:00,created
LEAD00261,20250917,CUST0039,Email,2025-09-17 19:37:00,created
LEAD00261,20250918,CUST0039,Email,2025-09-18 21:37:00,qualified
LEAD00261,20250920,CUST0039,Email,2025-09-20 06:37:00,opportunity
LEAD00262,20251016,CUST0039,Social,2025-10-16 05:48:00,created
LEAD00262,20251018,CUST0039,Social,2025-10-18 01:48:00,qualified
LEAD00262,20251021,CUST0039,Social,2025-10-21 07:48:00,opportunity
LEAD00263,20251120,CUST0039,Paid Search,2025-11-20 09:45:00,created
LEAD00263,20251122,CUST0039,Paid Search,2025-11-22 05:45:00,qualified
LEAD00263,20251124,CUST0039,Paid Search,2025-11-24 04:45:00,opportunity
LEAD00264,20251129,CUST0039,Organic,2025-11-29 09:53:00,created
LEAD00265,20251230,CUST0039,Paid Search,2025-12-30 08:22:00,created
LEAD00265,20260102,CUST0039,Paid Search,2026-01-02 08:22:00,qualified
LEAD00265,20260104,CUST0039,Paid Search,2026-01-04 14:22:00,opportunity
LEAD00266,20260114,CUST0039,Organic,2026-01-14 15:12:00,created
LEAD00267,20260206,CUST0039,Email,2026-02-06 03:11:00,created
LEAD00267,20260208,CUST0039,Email,2026-02-08 11:11:00,qualified
LEAD00267,20260212,CUST0039,Email,2026-02-12 01:11:00,opportunity
LEAD00268,20260324,CUST0039,Email,2026-03-24 07:49:00,created
LEAD00268,20260325,CUST0039,Email,2026-03-25 02:49:00,qualified
LEAD00268,20260327,CUST0039,Email,2026-03-27 09:49:00,opportunity
LEAD00269,20260406,CUST0039,Referral,2026-04-06 10:30:00,created
LEAD00270,20260520,CUST0039,Organic,2026-05-20 23:42:00,created
LEAD00271,20251213,CUST0040,Email,2025-12-13 12:12:00,created
LEAD00272,20251220,CUST0040,Paid Search,2025-12-20 16:29:00,created
LEAD00273,20260106,CUST0040,Social,2026-01-06 23:07:00,created
LEAD00274,20260210,CUST0040,Referral,2026-02-10 05:59:00,created
LEAD00274,20260211,CUST0040,Referral,2026-02-11 10:59:00,qualified
LEAD00274,20260213,CUST0040,Referral,2026-02-13 05:59:00,opportunity
LEAD00275,20260219,CUST0040,Paid Search,2026-02-19 11:51:00,created
LEAD00276,20260518,CUST0040,Paid Search,2026-05-18 08:33:00,created
LEAD00277,20260519,CUST0040,Paid Search,2026-05-19 22:48:00,created
LEAD00277,20260520,CUST0040,Paid Search,2026-05-20 03:48:00,qualified
LEAD00277,20260520,CUST0040,Paid Search,2026-05-20 05:48:00,opportunity
LEAD00278,20260523,CUST0040,Social,2026-05-23 13:59:00,created
LEAD00279,20260527,CUST0040,Email,2026-05-27 23:13:00,created
LEAD00280,20260614,CUST0040,Paid Search,2026-06-14 01:53:00,created
LEAD00281,20260305,CUST0042,Email,2026-03-05 13:38:00,created
LEAD00281,20260307,CUST0042,Email,2026-03-07 22:38:00,qualified
LEAD00281,20260311,CUST0042,Email,2026-03-11 18:38:00,opportunity
LEAD00282,20260321,CUST0042,Paid Search,2026-03-21 09:38:00,created
LEAD00283,20260511,CUST0042,Social,2026-05-11 10:25:00,created
LEAD00283,20260511,CUST0042,Social,2026-05-11 13:25:00,qualified
LEAD00283,20260513,CUST0042,Social,2026-05-13 14:25:00,opportunity
LEAD00284,20260516,CUST0042,Referral,2026-05-16 22:09:00,created
LEAD00284,20260517,CUST0042,Referral,2026-05-17 20:09:00,qualified
LEAD00284,20260521,CUST0042,Referral,2026-05-21 14:09:00,opportunity
LEAD00285,20251208,CUST0043,Organic,2025-12-08 04:23:00,created
LEAD00285,20251209,CUST0043,Organic,2025-12-09 13:23:00,qualified
LEAD00285,20251212,CUST0043,Organic,2025-12-12 18:23:00,opportunity
LEAD00286,20260209,CUST0043,Paid Search,2026-02-09 09:01:00,created
LEAD00287,20260313,CUST0043,Email,2026-03-13 21:46:00,created
LEAD00287,20260315,CUST0043,Email,2026-03-15 21:46:00,qualified
LEAD00287,20260316,CUST0043,Email,2026-03-16 05:46:00,opportunity
LEAD00288,20260319,CUST0043,Organic,2026-03-19 00:46:00,created
LEAD00288,20260321,CUST0043,Organic,2026-03-21 09:46:00,qualified
LEAD00288,20260323,CUST0043,Organic,2026-03-23 23:46:00,opportunity
LEAD00289,20260420,CUST0043,Referral,2026-04-20 12:52:00,created
LEAD00290,20260501,CUST0043,Paid Search,2026-05-01 04:42:00,created
LEAD00291,20260504,CUST0043,Paid Search,2026-05-04 10:27:00,created
LEAD00292,20241018,CUST0044,Paid Search,2024-10-18 07:02:00,created
LEAD00292,20241019,CUST0044,Paid Search,2024-10-19 12:02:00,qualified
LEAD00292,20241022,CUST0044,Paid Search,2024-10-22 07:02:00,opportunity
LEAD00293,20241212,CUST0044,Paid Search,2024-12-12 05:09:00,created
LEAD00294,20251002,CUST0044,Paid Search,2025-10-02 07:57:00,created
LEAD00294,20251005,CUST0044,Paid Search,2025-10-05 07:57:00,qualified
LEAD00294,20251005,CUST0044,Paid Search,2025-10-05 18:57:00,opportunity
LEAD00295,20251127,CUST0044,Paid Search,2025-11-27 10:49:00,created
LEAD00296,20260411,CUST0044,Email,2026-04-11 12:11:00,created
LEAD00296,20260411,CUST0044,Email,2026-04-11 17:11:00,qualified
LEAD00296,20260412,CUST0044,Email,2026-04-12 07:11:00,opportunity
LEAD00297,20260107,CUST0045,Email,2026-01-07 05:49:00,created
LEAD00298,20260112,CUST0045,Social,2026-01-12 21:15:00,created
LEAD00299,20260122,CUST0045,Organic,2026-01-22 21:31:00,created
LEAD00300,20260205,CUST0045,Paid Search,2026-02-05 07:42:00,created
LEAD00301,20260407,CUST0045,Paid Search,2026-04-07 12:27:00,created
LEAD00302,20260530,CUST0045,Email,2026-05-30 23:46:00,created
LEAD00303,20260626,CUST0045,Paid Search,2026-06-26 14:06:00,created
LEAD00304,20251216,CUST0046,Email,2025-12-16 02:28:00,created
LEAD00304,20251216,CUST0046,Email,2025-12-16 12:28:00,qualified
LEAD00304,20251218,CUST0046,Email,2025-12-18 04:28:00,opportunity
LEAD00305,20251231,CUST0046,Email,2025-12-31 13:49:00,created
LEAD00306,20260108,CUST0046,Paid Search,2026-01-08 16:36:00,created
LEAD00306,20260111,CUST0046,Paid Search,2026-01-11 03:36:00,qualified
LEAD00306,20260111,CUST0046,Paid Search,2026-01-11 12:36:00,opportunity
LEAD00307,20260213,CUST0046,Organic,2026-02-13 21:00:00,created
LEAD00307,20260214,CUST0046,Organic,2026-02-14 05:00:00,qualified
LEAD00307,20260214,CUST0046,Organic,2026-02-14 20:00:00,opportunity
LEAD00308,20260228,CUST0046,Referral,2026-02-28 23:38:00,created
LEAD00309,20260403,CUST0046,Paid Search,2026-04-03 00:41:00,created
LEAD00310,20250430,CUST0047,Organic,2025-04-30 05:49:00,created
LEAD00311,20250508,CUST0047,Paid Search,2025-05-08 15:56:00,created
LEAD00312,20250703,CUST0047,Referral,2025-07-03 12:35:00,created
LEAD00312,20250706,CUST0047,Referral,2025-07-06 01:35:00,qualified
LEAD00312,20250709,CUST0047,Referral,2025-07-09 15:35:00,opportunity
LEAD00313,20250714,CUST0047,Email,2025-07-14 20:21:00,created
LEAD00313,20250717,CUST0047,Email,2025-07-17 19:21:00,qualified
LEAD00313,20250718,CUST0047,Email,2025-07-18 05:21:00,opportunity
LEAD00314,20250811,CUST0047,Email,2025-08-11 18:10:00,created
LEAD00314,20250813,CUST0047,Email,2025-08-13 10:10:00,qualified
LEAD00314,20250815,CUST0047,Email,2025-08-15 18:10:00,opportunity
LEAD00315,20250829,CUST0047,Social,2025-08-29 15:08:00,created
LEAD00316,20250830,CUST0047,Organic,2025-08-30 11:28:00,created
LEAD00317,20251026,CUST0047,Social,2025-10-26 10:47:00,created
LEAD00318,20251125,CUST0047,Paid Search,2025-11-25 10:44:00,created
LEAD00319,20260121,CUST0047,Social,2026-01-21 05:43:00,created
LEAD00320,20260319,CUST0047,Referral,2026-03-19 20:47:00,created
LEAD00321,20260409,CUST0047,Paid Search,2026-04-09 10:33:00,created
LEAD00321,20260409,CUST0047,Paid Search,2026-04-09 17:33:00,qualified
LEAD00321,20260409,CUST0047,Paid Search,2026-04-09 19:33:00,opportunity
LEAD00322,20260419,CUST0047,Paid Search,2026-04-19 20:21:00,created
LEAD00322,20260420,CUST0047,Paid Search,2026-04-20 02:21:00,qualified
LEAD00322,20260422,CUST0047,Paid Search,2026-04-22 19:21:00,opportunity
LEAD00323,20260516,CUST0047,Email,2026-05-16 18:50:00,created
LEAD00323,20260518,CUST0047,Email,2026-05-18 19:50:00,qualified
LEAD00323,20260520,CUST0047,Email,2026-05-20 01:50:00,opportunity
LEAD00324,20241223,CUST0048,Organic,2024-12-23 19:04:00,created
LEAD00325,20241224,CUST0048,Paid Search,2024-12-24 09:44:00,created
LEAD00325,20241225,CUST0048,Paid Search,2024-12-25 10:44:00,qualified
LEAD00325,20241228,CUST0048,Paid Search,2024-12-28 11:44:00,opportunity
LEAD00326,20250330,CUST0048,Email,2025-03-30 10:25:00,created
LEAD00326,20250331,CUST0048,Email,2025-03-31 10:25:00,qualified
LEAD00326,20250404,CUST0048,Email,2025-04-04 08:25:00,opportunity
LEAD00327,20250501,CUST0048,Paid Search,2025-05-01 05:14:00,created
LEAD00328,20250603,CUST0048,Paid Search,2025-06-03 08:28:00,created
LEAD00328,20250604,CUST0048,Paid Search,2025-06-04 17:28:00,qualified
LEAD00328,20250606,CUST0048,Paid Search,2025-06-06 06:28:00,opportunity
LEAD00329,20250821,CUST0048,Email,2025-08-21 01:23:00,created
LEAD00329,20250823,CUST0048,Email,2025-08-23 05:23:00,qualified
LEAD00329,20250826,CUST0048,Email,2025-08-26 03:23:00,opportunity
LEAD00330,20250829,CUST0048,Email,2025-08-29 05:00:00,created
LEAD00330,20250830,CUST0048,Email,2025-08-30 12:00:00,qualified
LEAD00330,20250901,CUST0048,Email,2025-09-01 17:00:00,opportunity
LEAD00331,20251022,CUST0048,Organic,2025-10-22 02:44:00,created
LEAD00332,20251115,CUST0048,Social,2025-11-15 10:38:00,created
LEAD00333,20251125,CUST0048,Paid Search,2025-11-25 16:20:00,created
LEAD00333,20251126,CUST0048,Paid Search,2025-11-26 00:20:00,qualified
LEAD00333,20251129,CUST0048,Paid Search,2025-11-29 07:20:00,opportunity
LEAD00334,20251204,CUST0048,Paid Search,2025-12-04 04:40:00,created
LEAD00334,20251206,CUST0048,Paid Search,2025-12-06 23:40:00,qualified
LEAD00334,20251207,CUST0048,Paid Search,2025-12-07 09:40:00,opportunity
LEAD00335,20251217,CUST0048,Paid Search,2025-12-17 04:19:00,created
LEAD00335,20251218,CUST0048,Paid Search,2025-12-18 21:19:00,qualified
LEAD00335,20251220,CUST0048,Paid Search,2025-12-20 12:19:00,opportunity
LEAD00336,20260221,CUST0048,Organic,2026-02-21 10:51:00,created
LEAD00337,20260410,CUST0048,Email,2026-04-10 11:58:00,created
LEAD00338,20260417,CUST0048,Email,2026-04-17 15:01:00,created
LEAD00338,20260418,CUST0048,Email,2026-04-18 16:01:00,qualified
LEAD00338,20260419,CUST0048,Email,2026-04-19 20:01:00,opportunity
LEAD00339,20260522,CUST0048,Email,2026-05-22 16:32:00,created
LEAD00340,20260605,CUST0048,Paid Search,2026-06-05 15:13:00,created
LEAD00340,20260607,CUST0048,Paid Search,2026-06-07 02:13:00,qualified
LEAD00340,20260609,CUST0048,Paid Search,2026-06-09 07:13:00,opportunity
LEAD00341,20251013,CUST0049,Organic,2025-10-13 15:12:00,created
LEAD00342,20251217,CUST0049,Email,2025-12-17 15:18:00,created
LEAD00343,20251228,CUST0049,Paid Search,2025-12-28 09:58:00,created
LEAD00343,20251229,CUST0049,Paid Search,2025-12-29 05:58:00,qualified
LEAD00343,20251231,CUST0049,Paid Search,2025-12-31 04:58:00,opportunity
LEAD00344,20260407,CUST0049,Referral,2026-04-07 19:59:00,created
LEAD00345,20260504,CUST0049,Social,2026-05-04 07:01:00,created
LEAD00345,20260505,CUST0049,Social,2026-05-05 08:01:00,qualified
LEAD00345,20260506,CUST0049,Social,2026-05-06 19:01:00,opportunity
LEAD00346,20260516,CUST0049,Email,2026-05-16 06:27:00,created
LEAD00346,20260519,CUST0049,Email,2026-05-19 01:27:00,qualified
LEAD00346,20260521,CUST0049,Email,2026-05-21 20:27:00,opportunity
LEAD00347,20260527,CUST0049,Organic,2026-05-27 05:13:00,created
LEAD00347,20260528,CUST0049,Organic,2026-05-28 15:13:00,qualified
LEAD00347,20260531,CUST0049,Organic,2026-05-31 11:13:00,opportunity
LEAD00348,20241226,CUST0050,Email,2024-12-26 12:05:00,created
LEAD00349,20250126,CUST0050,Paid Search,2025-01-26 13:53:00,created
LEAD00349,20250129,CUST0050,Paid Search,2025-01-29 03:53:00,qualified
LEAD00349,20250201,CUST0050,Paid Search,2025-02-01 16:53:00,opportunity
LEAD00350,20250223,CUST0050,Paid Search,2025-02-23 15:57:00,created
LEAD00351,20250405,CUST0050,Referral,2025-04-05 17:38:00,created
LEAD00352,20250804,CUST0050,Organic,2025-08-04 18:38:00,created
LEAD00353,20251206,CUST0050,Organic,2025-12-06 14:58:00,created
LEAD00354,20251218,CUST0050,Organic,2025-12-18 21:31:00,created
LEAD00355,20260528,CUST0050,Paid Search,2026-05-28 03:38:00,created
LEAD00355,20260530,CUST0050,Paid Search,2026-05-30 01:38:00,qualified
LEAD00355,20260603,CUST0050,Paid Search,2026-06-03 01:38:00,opportunity
